,Profile
0,https://www.linkedin.com/in/ACoAABPhLisBO84-X75h2dpsHPXUuuYt50uvBZc
1,https://www.linkedin.com/in/ACoAAAANe6cBu5F-0id6dUg1fHFP021ytEp5Abc
2,https://www.linkedin.com/in/ACoAAB-Yc0IB7BKFA9ZKNvSocXvXnva2H8Cemcs
3,https://www.linkedin.com/in/ACoAABQJbb4BebujHU_Id1JFOXZTM_t_aN_sp_E
4,https://www.linkedin.com/in/ACoAAAHT38IBU_xYSHoTFT--ZqN869Kc_MmCifg
5,https://www.linkedin.com/in/ACoAAD0IiHIB6_VoHSHmJHyjkqw1QP_hiiz85nU
6,https://www.linkedin.com/in/ACoAAAd0yB0BnhCWculSDrg1M9LDCSyEykHh_wM
7,https://www.linkedin.com/in/ACoAABe_zFEBfvraV2B_RH3sUIV-kAzIFMPWJ-E
8,https://www.linkedin.com/in/ACoAAAvHG_oBwnH9FPv8ePLTx1qxRZUNRpGT6cc
9,https://www.linkedin.com/in/ACoAACXcefABDa1FO70g65PdDfClCChxLbyOi9E
10,https://www.linkedin.com/in/ACoAAADq1zwB31CxVKQwhxVW-bwV_1A2Rh9SQWY
11,https://www.linkedin.com/in/ACoAABDFTA8Bc3RmNUHU60-LZeSm_xuENVTdsec
12,https://www.linkedin.com/in/ACoAAATltAEBTaBxVu0GnF0wAR-eaj5oTk3VoA8
13,https://www.linkedin.com/in/ACoAAAOhsKIBd1LBzOZo06JUY1_XTkvKwNeJfU4
14,https://www.linkedin.com/in/ACoAABGY6yMBRhYYslxoDbXMo3v2TjtoIA676hI
15,https://www.linkedin.com/in/ACoAABePTl0BdAQTw4CUHoqw-AEQGefUSYqOhng
16,https://www.linkedin.com/in/ACoAAAff6z8BxKar9fICTfmhbwB3veMUNAibFpg
17,https://www.linkedin.com/in/ACoAADWUn-4BjSQG9JRaFitzM65vlNX1R5GX-rE
18,https://www.linkedin.com/in/ACoAAAL9lX0BIVUtDctmRrblCOzT_DBukbcpkNA
19,https://www.linkedin.com/in/ACoAAA9BV_EBQ123UawRy2PYxCLIHU_O60s1fN4
20,https://www.linkedin.com/in/ACoAABE3x8IBfQeWqe8mEbRrX09o-GV1sG86CzA
21,https://www.linkedin.com/in/ACoAAAjyMpsBnzCjPxV7jJMeAofEcfnDo9o7q_s
22,https://www.linkedin.com/in/ACoAACbPfXcBthOG-kBiLbLuJVgGR5IABeECUz4
23,https://www.linkedin.com/in/ACoAABhX-UAB5UWvSXqXEkINTQhnT9rBH8UVRZ0
24,https://www.linkedin.com/in/ACoAAAVFMjwBlLfkKEC9Q388krA0og_NUfqs1CM
25,https://www.linkedin.com/in/ACoAACdSuUgBfkTDxB4EeAUfUTmlfCtnGzGKuqI
26,https://www.linkedin.com/in/ACoAAB0pOVUBMEmCer556ryJLPokTPWB_ylqJ-o
27,https://www.linkedin.com/in/ACoAABmBntsBxZP40FFKnm9kuCxxUomirmI2gF8
28,https://www.linkedin.com/in/ACoAAC2U1q4Bx5nqInNuwWnRBk6BYGgFzxkBM3E
29,https://www.linkedin.com/in/ACoAABFCGYsBtnRKQ04SqOJ14OPn_JSiFHzs2cI
30,https://www.linkedin.com/in/ACoAACcmMx4BQmnBkAnOVSwgAM-HYJhmsZ3p6j0
31,https://www.linkedin.com/in/ACoAABbju98BBCSYIpk_bgmxL3Ja3BHC1x5PIpM
32,https://www.linkedin.com/in/ACoAABLUiBoB64SAiIFOZzIu5Uk6ylRvsr_UrNY
33,https://www.linkedin.com/in/ACoAABLe3bIBDVMVzQLbKabbMGYX_lsCn23CVTA
34,https://www.linkedin.com/in/ACoAAAZwgQcBuAy-899ekhNzLKhMgwZ5ypHv_-k
35,https://www.linkedin.com/in/ACoAABY5FbwB8awL5nivN4K9x3zx4mFK0e7OBew
36,https://www.linkedin.com/in/ACoAACayZP8Bi6tjRE5W8Qek6VSnw8c4i_UoF2A
37,https://www.linkedin.com/in/ACoAAAH6KbkBaHg08Ka8VXGqfez09g4n7P7uA8o
38,https://www.linkedin.com/in/ACoAABVQLKkBdyZb2bEpBLWu8QAcJn8-XrKj7qE
39,https://www.linkedin.com/in/ACoAABBtNSEBm_Ga78_1rW1P2gSB9kHZj700434
40,https://www.linkedin.com/in/ACoAACT0H9oBD2n1dOLk9mUU7fd6HnxxBAe9EIk
41,https://www.linkedin.com/in/ACoAAClwwWYBNEUEsDaLP3JiUT4wI869YEAp1yI
42,https://www.linkedin.com/in/ACoAAAuoG9kB6udfXzsiexKgN9woi_FJTy9VuZU
43,https://www.linkedin.com/in/ACoAAA1WC7IBzgpsJiQPvih1U97rkFQiBhhby9c
44,https://www.linkedin.com/in/ACoAABmVyKQBioHtbNwhpS-hqUdlQ__roDjdDJE
45,https://www.linkedin.com/in/ACoAABi3F5QBgU0ML_Gdgwqwj6SbbE9DJM7r3Sc
46,https://www.linkedin.com/in/ACoAAAJ5_fEBGyCaP9u7DDorDtOjG7WzRzn-clU
47,https://www.linkedin.com/in/ACoAAD8WAgcBtPv3GRBlRFSbGJGhMWkl3URm2ho
48,https://www.linkedin.com/in/ACoAAC6w-dkBSzwxmoP4FvG_jB8f0ZTTSdPK-m4
49,https://www.linkedin.com/in/ACoAAAIUUU0BKfhPuhSuXPJY03FD057L2vT6EMw
50,https://www.linkedin.com/in/ACoAAAKUj1gBMBoodr5-vYqlrIHJ1uhE8ei6DW4
51,https://www.linkedin.com/in/ACoAADD99pwB5_GmAiaiZqeHlw9Pp2EJXiR-_mU
52,https://www.linkedin.com/in/ACoAAByqtKEBmWz5x8sD-HFOIUCl9YjbDuiky7Q
53,https://www.linkedin.com/in/ACoAAA84oWABjP97Q5OCjDtmerSD_B4KE-GTEdw
54,https://www.linkedin.com/in/ACoAACRkIO0BW4HYqQK4R1lPm0NR0x1UOcAuoSQ
55,https://www.linkedin.com/in/ACoAACmvAUcBcZQVZOJrJG5mI1Fi2Z6491DzGO4
56,https://www.linkedin.com/in/ACoAABcSWgkBDKLlDZcYR7J5J27Y6gv0wqVB7nA
57,https://www.linkedin.com/in/ACoAADgohHwBmyFcGh1tsNRW9-QWWfndR7Qte1U
58,https://www.linkedin.com/in/ACoAADAZcLgBx3AdVo_08gdGiYkQXaMnOZQQTd0
59,https://www.linkedin.com/in/ACoAAAofYaMBA6hCqjvhTy5jIJqQb5ztFEHtF4U
60,https://www.linkedin.com/in/ACoAAD55uz4B9UOxE_FMuMMis0Ig10IIzSbP7OI
61,https://www.linkedin.com/in/ACoAABLpS58BK0qEN3MU0k8od8lgfTIB9p0owlw
62,https://www.linkedin.com/in/ACoAABL7NFQBrFDwnNp0theRw6367OV6F7TlrrQ
63,https://www.linkedin.com/in/ACoAAAJxSFUBb_sE3SMJQn363sE4Dvqb1kvmKaM
64,https://www.linkedin.com/in/ACoAAA1EU-YBYCy_ypl-htmHrMy1jeW47xCBElk
65,https://www.linkedin.com/in/ACoAAB8pc2sBACxWRq8DqcZx-iWP1Ve0UKqBfpM
66,https://www.linkedin.com/in/ACoAADrq2zYBHjTgVxhGZsLD8xx4h_8nkC4wvWc
67,https://www.linkedin.com/in/ACoAAB5ut6wB0sTunW1ApGT35yVdbBghY3Nfu9U
68,https://www.linkedin.com/in/ACoAAC-LVekBziNgKVu6NMX49jzZEnY6cQGqb0g
69,https://www.linkedin.com/in/ACoAABkIyX4BzfltL9kRdU6L5K3Ucs2V0t_8Y-I
70,https://www.linkedin.com/in/ACoAAAzxRosBeMIq4IXubwo3YnfN9NIBgWJSuUY
71,https://www.linkedin.com/in/ACoAABLmgNYBgmWNeaKKm5ueZBH6pEkApJ25S7I
72,https://www.linkedin.com/in/ACoAACjCLnkBA7DbOJR1gn18npCuXRp-EE0hZXM
73,https://www.linkedin.com/in/ACoAABAIyT8BszTxrqqRvlVEPNrdA1rKjRbnSVI
74,https://www.linkedin.com/in/ACoAABoZ0gIBFLzDejneCYfyuOVrrN7lRvRLV_s
75,https://www.linkedin.com/in/ACoAACmOzdcBtCeK0Qz4i_O62iDheYfra0uDxs4
76,https://www.linkedin.com/in/ACoAABHGl_oBJKdG5SG4kMsi2KVCyuytWUH07II
77,https://www.linkedin.com/in/ACoAABaPPc8BGjwVld0jivyjpgJdChr35c-Gqsg
78,https://www.linkedin.com/in/ACoAAAYIjsoBJhc2lr3_yxfympsammVxZs8apCo
79,https://www.linkedin.com/in/ACoAABkbAxYBLA1o2SjohIlWM-NCEYo9zpJx6kk
80,https://www.linkedin.com/in/ACoAAAotHegByYs54FAcHB8baykhJSZnD_4AoOg
81,https://www.linkedin.com/in/ACoAADk5Oy0BqPjTbOQjPYzOPgapESQTTm0iVfM
82,https://www.linkedin.com/in/ACoAABLDOroBK-T5HnPJlDdUG_OKSf9HFL6UNrE
83,https://www.linkedin.com/in/ACoAAAjPv5EBLv8D6TCLYLKBqlEXLPUkSwRvhB0
84,https://www.linkedin.com/in/ACoAABIfMmgBOTiXVpIPGSjkV_1dGVErQIBnzYw
85,https://www.linkedin.com/in/ACoAAAaa8lYBNffWatxUN-E881DrpM6fBhHDjrQ
86,https://www.linkedin.com/in/ACoAACcDwpIBsWJlzFjnQzvhQvw4oX09n8dJUo0
87,https://www.linkedin.com/in/ACoAACqcx0UBUbHKseZ39jqEnOufqjaM0s_2ps0
88,https://www.linkedin.com/in/ACoAAAHcMj8BQCabLwIHMPe6QpzvktMxiz2OY_4
89,https://www.linkedin.com/in/ACoAABDEp9oBCVzyw2ygbQjYbqqVhzHdNHvy5Ro
90,https://www.linkedin.com/in/ACoAAC9m9SsB6TA5IEnYaBZ7J584BmPaBhAlbiY
91,https://www.linkedin.com/in/ACoAABUttOwBMHL5rpjGp_42Q6gMFr8iq8zlo_0
92,https://www.linkedin.com/in/ACoAADWp1v4BHiKixHq0nwvYrQtT1jodqAw7Ss4
93,https://www.linkedin.com/in/ACoAABAGtWUBQ00Lpyyt7ppe3CgoeaHel2t2qZA
94,https://www.linkedin.com/in/ACoAAB3lfTcBQHqgGQj6gLs60ie_dAfOt6XGK-s
95,https://www.linkedin.com/in/ACoAABJ3j8gBMFYbMUksvy-BpB0Ds7wSl88twIE
96,https://www.linkedin.com/in/ACoAACAF_BIBRlpik4nMJFEaqxRwfV11IXXcOCw
97,https://www.linkedin.com/in/ACoAAB2TE94BTjMCihJnxXLa_iG5S-k91nCrASc
98,https://www.linkedin.com/in/ACoAAAFIBmgBm43h5RuygsLe-nGeza1BoBFc1AM
99,https://www.linkedin.com/in/ACoAADVeH5QBsmbjIeNF0mL3CD0qMevutD7OSso
100,https://www.linkedin.com/in/ACoAAB_HPFMB8_Wu7e5SGjrWRN0A6VKIBNGh9Vw
101,https://www.linkedin.com/in/ACoAAA-BNIYBgC5uT2Bbm6DckQ2J1KZpf2gz45o
102,https://www.linkedin.com/in/ACoAAAhvZLIBnPShZKpg6wS3ox_52KACxIyRQoM
103,https://www.linkedin.com/in/ACoAABlDRowBF_NRl0IrHP40gkSQFJoVNSQuvdM
104,https://www.linkedin.com/in/ACoAAAsBjCwBbtcI6EyhIvPpCyTN0M4NFl-CpVk
105,https://www.linkedin.com/in/ACoAAAWOylMBtb5PMkP9JNA26CmeSo7UOa3dmEU
106,https://www.linkedin.com/in/ACoAAD6Pv4kBRh66BVS1Fp8u_mm1i3wSwi2Tppo
107,https://www.linkedin.com/in/ACoAACFWBVIB3IueNwAEPMLtlm6QGIvU7DZlGis
108,https://www.linkedin.com/in/ACoAAAwVY78Bw98xF6B40BJFaSch9oSZLAg32wE
109,https://www.linkedin.com/in/ACoAAAxsiMAB2vsnJuW8eqgDuIJl2ZZkjC8harQ
110,https://www.linkedin.com/in/ACoAAA3hVaMBBxop3HEiXetH2CfIzMChmSV3GtE
111,https://www.linkedin.com/in/ACoAACiQmTQBRb-Wx7M8FDpTZqywOjMUCIKmJJY
112,https://www.linkedin.com/in/ACoAADi0Q0UBLc3y7uAS4n5lic1p_84nKK8wHYc
113,https://www.linkedin.com/in/ACoAAAMBVc8Bhm9i1EP2h2djJn_PpIQFn3gdPZ4
114,https://www.linkedin.com/in/ACoAAB1pP6wBmIKd-jM5yXzUjw-pq05bwy8MdAc
115,https://www.linkedin.com/in/ACoAAAc_YMAB7R4ypNn1747XPSCQpuFuxCoG_mw
116,https://www.linkedin.com/in/ACoAAAoZ5DgBuTCrZa3hycwSO8_bSYh30ckZhaM
117,https://www.linkedin.com/in/ACoAAC8ubtYBotH-8iX3eiIiGWRkQmhpK0m-YHM
118,https://www.linkedin.com/in/ACoAABBjkhwBus5w-WzsXnmmt3ShnNI4xqVUtM0
119,https://www.linkedin.com/in/ACoAACFQqrwBXI1Do2iMwjbQt0v3UuOw67Wyf4I
120,https://www.linkedin.com/in/ACoAAAc_b1EBhDf22SQBB_cgGgr0o2VGWvJhdUU
121,https://www.linkedin.com/in/ACoAAAOd1iQBmyigO2A2VunYEx6PY83ixTGzeRk
122,https://www.linkedin.com/in/ACoAABKoR4gBiNDZAI4Mls8IDTtE9xEpAm3niT0
123,https://www.linkedin.com/in/ACoAACHlAVoBzOCfKxj_zDnu-5G3FvCBHDMWuK0
124,https://www.linkedin.com/in/ACoAAAumV0wBcgUt2xit8348YsAAci4cd18Ru6k
125,https://www.linkedin.com/in/ACoAAC4urccBuGLUxm5bDijsyy0DZAbamZkXZuY
126,https://www.linkedin.com/in/ACoAACgX6IIBcJViLgwzMjUNXjpCJmOgy0DkAHI
127,https://www.linkedin.com/in/ACoAABOrtPEBZCKpkRKrbbebjB4LbhZRRo1dPXs
128,https://www.linkedin.com/in/ACoAADQOn7kB7FZkwRvTggNL5D6xIAnS1x21z4U
129,https://www.linkedin.com/in/ACoAABDH0ucByoT5TuB05BVk_rqXKhfa0uHfRXk
130,https://www.linkedin.com/in/ACoAAAYj71MBFMnHc9TXhAYeGFRHIngtDgApktI
131,https://www.linkedin.com/in/ACoAADzsRjQBgQQVdJz1F5fJmDNJ6TrQRBXjiYA
132,https://www.linkedin.com/in/ACoAAAM7CkABQR08cR2Zb83JMgk91MDLnVbfxJk
133,https://www.linkedin.com/in/ACoAADaamL0B960NPvjJ70QRD4m0dyIfq4liGnc
134,https://www.linkedin.com/in/ACoAAD37PoEB6EgMJ5SdWch7v5vhmRvTs5pmFoU
135,https://www.linkedin.com/in/ACoAACoc4BQB-b03vgYR-dCCCVUwVcu9Ij1brz8
136,https://www.linkedin.com/in/ACoAAAir-nABWDoFA8KHL8Q9XNfa_eTNxwUG4w8
137,https://www.linkedin.com/in/ACoAABO8f00BoLM3uxxnyVSGE1eHBNN57QaV63w
138,https://www.linkedin.com/in/ACoAABvdKkEB_iL52Rz6sxEi2X7gl1oEnVa1bSA
139,https://www.linkedin.com/in/ACoAAAcQkwkBcQZAxCdTqLm6ftNrU-jHMkHO70k
140,https://www.linkedin.com/in/ACoAAAEOGnEBcG3KbOYFm_nGaEloOsvrsyAfLVA
141,https://www.linkedin.com/in/ACoAAApDaf0Bf0HiOzHjh00tv70Gsux5o3qG8I0
142,https://www.linkedin.com/in/ACoAACFNoSQBnzxVtON8JLkbny9ShQyDeVQBzXw
143,https://www.linkedin.com/in/ACoAABU5zxQBvGz904vf7QJ-jQKl8-OGM2YvhFI
144,https://www.linkedin.com/in/ACoAABZr-u4Bj6XqIjnJKzi4pGEvfny28oHJECc
145,https://www.linkedin.com/in/ACoAABSLjzABMCGQVdpUIInCFJZdWMFfOWMyjEY
146,https://www.linkedin.com/in/ACoAACQ2PogBHjD-EAPM0f6LGJ2amJeRma9ec0U
147,https://www.linkedin.com/in/ACoAABbrJp0BxpoKp7uV1ibobKgiyJozUm3X8xA
148,https://www.linkedin.com/in/ACoAAD614F0BvsXxtxfYZ9kLXWtFU1H8FoWsKFI
149,https://www.linkedin.com/in/ACoAAADnUnEBfhtp_Zb0G-he5tzPGQOLSN47lXQ
150,https://www.linkedin.com/in/ACoAADWQNtcBZdC9I0gucVa9hNEpgUGAWEkkf4Y
151,https://www.linkedin.com/in/ACoAACMsX_kBUNlwKzSM0aIH7NpaFJbTUMwPjdU
152,https://www.linkedin.com/in/ACoAAB8y88wBb96bbwYWAFq-rYiyCroRheDZT7Y
153,https://www.linkedin.com/in/ACoAABR8_4MBGveFa_q4kZHlq87VTQ2zFIetlFg
154,https://www.linkedin.com/in/ACoAAC1SAJsBd4Xlf9tobnFjfPKEYenmp3h-lw4
155,https://www.linkedin.com/in/ACoAAB4-6Y8B3V3Zhsb0BBQANwaYsEGYLnpf3yU
156,https://www.linkedin.com/in/ACoAAApwqOYBJs85TGcF9Syyh8i2tmuM1jRYOPI
157,https://www.linkedin.com/in/ACoAACBg2BEBgDVsKT_zz8MGqQy3xNhf2museYo
158,https://www.linkedin.com/in/ACoAABn3BEQBppwhqNPqXcNVQ-trzzbfsrZ7WpY
159,https://www.linkedin.com/in/ACoAABPr0HYBdC4_u8bCzZrT49F6_LlXccB2wFE
160,https://www.linkedin.com/in/ACoAAAtMkv4BNylnOBD3iM_QMVsnzLN0FcIFRi0
161,https://www.linkedin.com/in/ACoAADCd9ZYBzIZ_EjS4PWS9jZTgYh6mjnwLvg8
162,https://www.linkedin.com/in/ACoAADdUjv8BlpJbasRC2O7XFuYwj4CU7DDisCw
163,https://www.linkedin.com/in/ACoAAAuvBPwBvh8OHvkSgeOCKHyYZtl8q_DFSAc
164,https://www.linkedin.com/in/ACoAADtKO0YBED4g2y6ZwrMxtJ-aXGJj6eRb57U
165,https://www.linkedin.com/in/ACoAAADtpGwB9v-6Ng-ORSdPxJHH5v53_rHqkuU
166,https://www.linkedin.com/in/ACoAAAmlVvsB5Z2UYihoecX6KyjFcf9Hz27z5qU
167,https://www.linkedin.com/in/ACoAAAz_zSYBYLtmgU1IZTTlwUQEXXe-R11di8g
168,https://www.linkedin.com/in/ACoAABH3mCwBKZUhIlityBOsf_C-ZgTIqH8z0kU
169,https://www.linkedin.com/in/ACoAAA0z00wBoaqBQW6oHxoPhHesoWSSJ5lIeL8
170,https://www.linkedin.com/in/ACoAAACBj7QBpOFnGdbpSQs4O1Wb-46elgnkYsA
171,https://www.linkedin.com/in/ACoAABxFdmoBL4Uq_kpMsJRLSCzd122mF9uPdvI
172,https://www.linkedin.com/in/ACoAACNeCaIBXebIszzMX5bmjQxVuKs08ZkzpYI
173,https://www.linkedin.com/in/ACoAABuuRb0BT8CPeYTBfMpPmUFZN71q3x7BMYc
174,https://www.linkedin.com/in/ACoAABHiEa0BcJWNxMZh62Ivf5yOV1zn7uiNKFU
175,https://www.linkedin.com/in/ACoAAB2j6-QBCJcnevsowgMM5FHU6SObOSN9P4A
176,https://www.linkedin.com/in/ACoAADC9D90BuZ9zMDj-e1mOD37nG3DLKDWxR-Q
177,https://www.linkedin.com/in/ACoAABAaSVgBhng5kZph-FSmkdg5FYL0LHuSZgI
178,https://www.linkedin.com/in/ACoAAAyhTm4BMEMQSxTwOXBC6yFhx_GiTyW88lE
179,https://www.linkedin.com/in/ACoAABXkLGsBPvSK2lf2Trykdl-MST-9SeZVjGo
180,https://www.linkedin.com/in/ACoAAAACnvYBkcWCdIzf2qjsKqsSi7aqkMUngJg
181,https://www.linkedin.com/in/ACoAADUloJcBejNgV6s37xUHpsUgHlALT0MsNYw
182,https://www.linkedin.com/in/ACoAACPwp6gBcNaZEwHx624X7mQLwcWklFrKyVk
183,https://www.linkedin.com/in/ACoAADNrZX0BuPlTbqBc_polq1DPTqCABPl1Qbs
184,https://www.linkedin.com/in/ACoAABz9yzcBH0RKa_aO60mXX2wpDkvaGjNwTD4
185,https://www.linkedin.com/in/ACoAABaQJKEBc34qZrWxwo0mgIJ1xinEc5D-ugc
186,https://www.linkedin.com/in/ACoAACMaABsBI9mX6qQOXXhSMgZcSH_ywMD-iI0
187,https://www.linkedin.com/in/ACoAAAFtutYBdA6eQwAitdApSbCuq_KmZzXe1VA
188,https://www.linkedin.com/in/ACoAADnltpIBUSrCsxprd8bxq23JeL4bVFJChdc
189,https://www.linkedin.com/in/ACoAABSM9L4BNp9jGoffzGs_1KIEYOQ-YURDJ_w
190,https://www.linkedin.com/in/ACoAAAjmjkAByn4CIts5-Hj8mYrW5vEqlm1FzNo
191,https://www.linkedin.com/in/ACoAACZ7cf8BpWY-OuWz_AxnlN8FgfGoVQNKDF0
192,https://www.linkedin.com/in/ACoAAABvh-wBytEEwW5i_7JwFm0_GVrY7QjRNL0
193,https://www.linkedin.com/in/ACoAACOirzMBmMMW_3VHbEfsfOY56qoSN8kSt8E
194,https://www.linkedin.com/in/ACoAACaPI2MB5644E1fTAh382LKU3p9gaztSzI8
195,https://www.linkedin.com/in/ACoAAAOGwFEBqvayEshf9rd2vrJLx4IYDR6qMVE
196,https://www.linkedin.com/in/ACoAACHiJFsB0c_W2NwBdX4udBc2w18XQQET62Q
197,https://www.linkedin.com/in/ACoAAAItiOoB3jlI7ECVc6FI0Nh0hVSR6rjMmPE
198,https://www.linkedin.com/in/ACoAAAglkTMB9IGz_n7IVMYk3SMXznNPU9jUMUg
199,https://www.linkedin.com/in/ACoAAD-_wLkB1af72jp_f8rMfCtoFQN9EWkGtsg
200,https://www.linkedin.com/in/ACoAAAtoXwMBZBGI_Ck9mxbhukiPeEk0uJlLzSY
201,https://www.linkedin.com/in/ACoAACC8s8gBehmy40BvXe2s2mO7hoEpIVzFlQk
202,https://www.linkedin.com/in/ACoAAC_MgrIBtLnyFqL_QW8uzcZf854pUr3mVvE
203,https://www.linkedin.com/in/ACoAAA7a13UBI0oPaNHL-A2uPmI6b8KJr9s09K0
204,https://www.linkedin.com/in/ACoAAAZS_bQBrGcg7vH4Y_KHvsHjXH7HQDt9zSE
205,https://www.linkedin.com/in/ACoAAAb1YYYBA6lpaDkt_SWrHB1l06JDgOVZ8j0
206,https://www.linkedin.com/in/ACoAAB_30GEBy-iKxgddqZ8-ISv6qGVZsWGgvyA
207,https://www.linkedin.com/in/ACoAAC--vaoBjCDwH9JIZ0karyf-LdbBswOv7vQ
208,https://www.linkedin.com/in/ACoAAAULKyUB3PEJMNH4AMXVsnejyDx5NLxaSsM
209,https://www.linkedin.com/in/ACoAABgVBOgBHh1e8QFn6imt1TqyV2T7Goa8i7s
210,https://www.linkedin.com/in/ACoAAAFcamoBkPHC-PbMQlh1nBqeQzkQ-gvp8-A
211,https://www.linkedin.com/in/ACoAACI_kk0BQN5s7QSyzvmZBUAkP2hsTpMssok
212,https://www.linkedin.com/in/ACoAADYXhEABHO3eXImcULjCioSOxow7JztKnKM
213,https://www.linkedin.com/in/ACoAAAlydaEBYAW-6zLAwJ3phtq3Oy1RfxPr9B8
214,https://www.linkedin.com/in/ACoAACrsfuoB8ZoHGU0Hqv0kPFJV3fguLcweBxo
215,https://www.linkedin.com/in/ACoAADtZrfUB7Mnqma_rfeQ-1zTpqASKpgudYGI
216,https://www.linkedin.com/in/ACoAABTkhzkBgfv8ced_de6qsDHvfvXz-v2LLZE
217,https://www.linkedin.com/in/ACoAAAox00sB9sD089EMVmKhqpekEZQtJjMxN90
218,https://www.linkedin.com/in/ACoAAAf_rsEBgQiXggZqND-xmXYPVYubmkC_h28
219,https://www.linkedin.com/in/ACoAAD_5Gs4BgFvVs-I7WyUuW8d0OM7K9kIQkNM
220,https://www.linkedin.com/in/ACoAABQw07YBUBarI6YnQgYAfSRhxyMshA9MRVA
221,https://www.linkedin.com/in/ACoAACmNHfoBtRaRQviguka01uZXkFMpiAggWYE
222,https://www.linkedin.com/in/ACoAABl4xZoBPsjWAruYtm7PuuJZA8VwxMKKVyQ
223,https://www.linkedin.com/in/ACoAABcRWA4B9CyLmqH28f4clw5DfJNecWvZf8I
224,https://www.linkedin.com/in/ACoAAAWnp10BlxJSEZpLAzUJDZKITNIKOwAQgTs
225,https://www.linkedin.com/in/ACoAAA4hwKMBOC_U7BWpJEAPTyqAJ5mJmtw1LlU
226,https://www.linkedin.com/in/ACoAABhbxasBEq0_gOSLbM04bTKT7W8pAOJPiCg
227,https://www.linkedin.com/in/ACoAABk2w0cBuyy4qD-C4cJucn7jO_DEXt43LOA
228,https://www.linkedin.com/in/ACoAADtoNcoB9BIrsF87cxAXIBxsI8xF6Ctm_c0
229,https://www.linkedin.com/in/ACoAAC97myABzghJY8Q0CIzpeAThKiQx9Cg0hJI
230,https://www.linkedin.com/in/ACoAAD9JjnsBbjx9OFw_INW2s_rlOcJ6j2DszGQ
231,https://www.linkedin.com/in/ACoAACv7LLEBvL3vEQ6SrQ9OlqTRZH19gGjQIeM
232,https://www.linkedin.com/in/ACoAACDGP_cBMewY-mlNj0fWhg1Kblw0KWwsee4
233,https://www.linkedin.com/in/ACoAACrSlfgBjOdXn1wx7qW4E4_HGcJklLcOg5Y
234,https://www.linkedin.com/in/ACoAABK7W2EBAenzfJ3S8zGV9bThksIQC6XMXeQ
235,https://www.linkedin.com/in/ACoAAAmPC4kB6jcGfJ3AovcGfYGW6Y6EMlWb8JI
236,https://www.linkedin.com/in/ACoAAC7mAM8BjScn-WRhBLzRjSKeqJTwm-ewV80
237,https://www.linkedin.com/in/ACoAABtkltIBiaoI4VEImLperjZYz1HDa8RvMSQ
238,https://www.linkedin.com/in/ACoAABljHdgBCuSmb7wFHHNQj5xFoSpzcz3QtFs
239,https://www.linkedin.com/in/ACoAAAycdh8BjNn5wUp9Z-d2ai4iDIM_F5m2FXw
240,https://www.linkedin.com/in/ACoAADhxRK0BjavZ2lNtGwxn1NXSvtR5xA5yH2A
241,https://www.linkedin.com/in/ACoAACJVM48BxuXTVRigOfkoBZJJT82TwsiCEWo
242,https://www.linkedin.com/in/ACoAAAc2tbQBrBRUMNYJ5n6r0k_OAMMZGUUbOig
243,https://www.linkedin.com/in/ACoAADR0OpoBbC9VuVZLG4s82xJT47Q0z8Hl86M
244,https://www.linkedin.com/in/ACoAADL3eJUBgoB0wYJ3n1oRlWZRmscMjsbXe40
245,https://www.linkedin.com/in/ACoAAAlBtq0B-wFJr8kityl6m_tQ0QRUGii5bQc
246,https://www.linkedin.com/in/ACoAAAk052UBS6dso86Bb07eMMUCJRdaE26S8lY
247,https://www.linkedin.com/in/ACoAAAISiS4BR8unXbyv6pzPIB5qJvI3wGYx9L0
248,https://www.linkedin.com/in/ACoAAAfiTUcBeSIjNw6FKl3eYF0IjuZ4JcV_Dsg
249,https://www.linkedin.com/in/ACoAABrxeI8BHQuUWRLDHrCe8MBs9lWT3hbFOv4
250,https://www.linkedin.com/in/ACoAAAhreRIByJgyQh9yzHHKgGqDNUGkvRFQlRo
251,https://www.linkedin.com/in/ACoAACpgKaIBL1k-M_ruC35fBg6KWyo7GVjGViQ
252,https://www.linkedin.com/in/ACoAAAGLC0cB5oy7Xq85_BLN1xnw45XS0McCYq8
253,https://www.linkedin.com/in/ACoAAAXfSskBvXQsYfYJLbP_ytF44LSbOg4-NeU
254,https://www.linkedin.com/in/ACoAAACelHsBMtPAPyY15eprsrdKqPGnnaybvQM
255,https://www.linkedin.com/in/ACoAACM4SLgBlH25bqrvfF5h-msjMEYGmRl7gy4
256,https://www.linkedin.com/in/ACoAACavm4IBT2GIcWONylQ-2FJ2VUXzreRIj6g
257,https://www.linkedin.com/in/ACoAABueYlYBNITVwPUG3FXpU8h0gQthqjKMotA
258,https://www.linkedin.com/in/ACoAAAzGHJcB9STHlre4gmDIrHg7WKI-YVTeXFs
259,https://www.linkedin.com/in/ACoAABPaTRMBxZPVlDxjMsgKF6TGPtHoKl6Uua0
260,https://www.linkedin.com/in/ACoAADWNc1QBi95n3EpR-a4E-RsZjpeFmBbiwl0
261,https://www.linkedin.com/in/ACoAAEAKwVQBaBUULrC6FEz5uVCG7aAMpvsVPyQ
262,https://www.linkedin.com/in/ACoAAAV9B_sBCv1lmfSsfGPpHo6GZOxYkpDaAJw
263,https://www.linkedin.com/in/ACoAAAXc62wBQD4lNS7h14Cp0okCuMj0gFt2J74
264,https://www.linkedin.com/in/ACoAAB0fry8Bi7RTFILjYboN9aS9J0N1p6GYkVo
265,https://www.linkedin.com/in/ACoAAADlSOwBNIqcEc4_Rg6tchToXSaV4RUBRBI
266,https://www.linkedin.com/in/ACoAAAtH25UBeLUBA-gaI4SqRPCX3P2Kd8-U6jY
267,https://www.linkedin.com/in/ACoAABxE-SgBhNcuSTJI73AKWkpWuMd_qmiRJqE
268,https://www.linkedin.com/in/ACoAACsADacBE59o7KPGX6TwLvokB65kemIVf9I
269,https://www.linkedin.com/in/ACoAAAJGO-oBM3E2jaRBClA7SMW8lziaSCmugfg
270,https://www.linkedin.com/in/ACoAAA2rvAkB8DVX0q20_yAjamq2XdUktMYNJdU
271,https://www.linkedin.com/in/ACoAAA2reFABR25Xu0K_L1fRET6I_PHwye4SvmA
272,https://www.linkedin.com/in/ACoAACCauQUBLXS_Qw-w6tjLSup0gdY4RE0UdRI
273,https://www.linkedin.com/in/ACoAAA4LLS8B6xH7yjarhgC4vzSDMndoADw7SQY
274,https://www.linkedin.com/in/ACoAAACeHooBAaJe4KRxAZX5VVdjpMAPWw80rbg
275,https://www.linkedin.com/in/ACoAABaXC1MBOEjGq5k_b3kVzG90IYy2ofocdnk
276,https://www.linkedin.com/in/ACoAABiwoDoBU4vDbgB1LYnjs8m88_C8wkAFOhI
277,https://www.linkedin.com/in/ACoAAAWZB3ABw7dMSrmK3nXLdbQQOy5Wl0KaeIU
278,https://www.linkedin.com/in/ACoAACeEDrEBkFY64oPW5U7sfQidhck6TzV0xis
279,https://www.linkedin.com/in/ACoAABKAjbQBka0eB79CPgrTpHAhKm4JScYxfQ4
280,https://www.linkedin.com/in/ACoAAC8Jfq8BlnpRKLn1x7_O0ufafPAyBGqBNQE
281,https://www.linkedin.com/in/ACoAAAI1lRoBsPeL7VNctmW-bNW6uMigXoVtIqk
282,https://www.linkedin.com/in/ACoAACOQUygBdWR-KsKsxs7eGwDBXx4mw_lfVTo
283,https://www.linkedin.com/in/ACoAAAAFDS4Blg4B39Xd5mq2PGulNFjORc4c51U
284,https://www.linkedin.com/in/ACoAAARDxWABJCLnJFBuGpZtNNWBGUCh82WM6rg
285,https://www.linkedin.com/in/ACoAAAAFu0wBLvNcCZDUn6LShYA2MgOkg35JlXM
286,https://www.linkedin.com/in/ACoAADMELOQBpI-FgK3fIwZWqf7JtmeCeCVQpHU
287,https://www.linkedin.com/in/ACoAABkXxcEBU3WurR3Xxrrmf3BiLh9FVpWdLNo
288,https://www.linkedin.com/in/ACoAABhcCpQBVNblDfEvEie_XL9_N-cZ21wxBsQ
289,https://www.linkedin.com/in/ACoAACV0a1kBydgjWI4KlYiaOt99F6h1Bcs3AME
290,https://www.linkedin.com/in/ACoAACgGtDoBvTsXoTPQrsX9BXquJTVR55yk4IM
291,https://www.linkedin.com/in/ACoAAAyq75cBC-clEF3rfxYeEoS2UdRPvwX64Tg
292,https://www.linkedin.com/in/ACoAAAGavOUBeKdvGkBLfLqNzeoalmF1wW-kHYk
293,https://www.linkedin.com/in/ACoAAB53oE0BQkMEiuXZsDnZ2vDnDidCk5NfzyY
294,https://www.linkedin.com/in/ACoAAC3zIgEBLVNuZTlGUYSVLy_Qc_b-6Hfge6I
295,https://www.linkedin.com/in/ACoAAAFd3O0B4Vjpdt-iR5rYD9kj4cqmH7MFZhM
296,https://www.linkedin.com/in/ACoAABLdTNUBk_m-iMqG0c1M1XOgdRzXJXUO4Tw
297,https://www.linkedin.com/in/ACoAABCTygoBuTTUGhB5jP4v3hWeJo8Pub-ks_4
298,https://www.linkedin.com/in/ACoAAAFGqEYBdcWrYCKorURWdYhz40DpOQlfzgk
299,https://www.linkedin.com/in/ACoAACa5f8EBorgYX3Go7lah-81pLIT7miL0BmM
300,https://www.linkedin.com/in/ACoAAAe_p6oBM0IohhFnX88YWY8p9ZYQ70mB_pQ
301,https://www.linkedin.com/in/ACoAABRh7HEB3TTEE2T69TjvAQSwSK9WgER5xAo
302,https://www.linkedin.com/in/ACoAAB8lAw0Bd8cJQbXxq8OcL75NzGNXb4osxEg
303,https://www.linkedin.com/in/ACoAAA8l0HEBnCzrEkRAoA9cTpM33pG2Xpqkoos
304,https://www.linkedin.com/in/ACoAAAIkt14BTXoReLqwHpL8cyuGpBoKYQ2VDrQ
305,https://www.linkedin.com/in/ACoAAA42Fu4BrBJPYPe-0XgY-2Mp2QLT8YclhcQ
306,https://www.linkedin.com/in/ACoAAAEqrWgBV7_X7yjF1oFyfsdfvrddKaA643E
307,https://www.linkedin.com/in/ACoAAAzKX20BAoHI6Tfp8wr8-iusfFmJeHN-dJs
308,https://www.linkedin.com/in/ACoAAASJWVcBg3HZmIXfqOYLY40Y_Hrg6NeQVdI
309,https://www.linkedin.com/in/ACoAABbl_OsB8VhZadBNyzm-ihgqd8__-T6bUKU
310,https://www.linkedin.com/in/ACoAAAAFeIYBTEGvb_Mcxx8ivNF0QIAVYUws46k
311,https://www.linkedin.com/in/ACoAAAGxPIYBeVUya-NJnMhKn1cBVVJG2EoewvI
312,https://www.linkedin.com/in/ACoAAAWjCccB_LwcgF8wC4f9--xk6CJyYzPqlRo
313,https://www.linkedin.com/in/ACoAAB550JUBLUDE7yYJeXdKSu6XHYA9Uw0Aqm4
314,https://www.linkedin.com/in/ACoAABftMu4BhPAmtEUipjcnd5wApTt8Tl_WElQ
315,https://www.linkedin.com/in/ACoAADV3VYkBg4cc7SUKhshzvDvbz_XeMNrrxgE
316,https://www.linkedin.com/in/ACoAAD9BjgQBkQzzNAwLciUBdvLIhktwV9YvIN8
317,https://www.linkedin.com/in/ACoAAAHUlsQB2qT0Af7_HeerZcg2TmIVGodSUJg
318,https://www.linkedin.com/in/ACoAAAxYJ3kBHO13Yz4-kU-1_NmHh4wHCZnREao
319,https://www.linkedin.com/in/ACoAAAZybIkBnPBlsIxfDUnDIWryod9_9pvaOnk
320,https://www.linkedin.com/in/ACoAABvtSuMBhD41hkSmJzl8IKfjksORpkCQFvA
321,https://www.linkedin.com/in/ACoAAAgngAUBhAV2CRUVuGFLEay8eOk3E8wSfg4
322,https://www.linkedin.com/in/ACoAABN-EeIBcxtG8_1y6yAshanC39VnzATk0XU
323,https://www.linkedin.com/in/ACoAAAAZMVEBxNEGN9rNYIaV7lIb5WgyjiXPqJw
324,https://www.linkedin.com/in/ACoAAAFx1b4B97srpBAexuYHpB5JiCoe9x7L_AQ
325,https://www.linkedin.com/in/ACoAACLpaYYBGXgy0OK1MMluewDq2X8FoXm5gGs
326,https://www.linkedin.com/in/ACoAAASjRGQBMHR7R8ATSpaGe6opPexjx_b2s4o
327,https://www.linkedin.com/in/ACoAAA1bo5kBDIfyUP1eWIg_FaS3Dp3RuoMz5R8
328,https://www.linkedin.com/in/ACoAABVisDEBPuDRSg1hLO6asuw6gNU8V3839Jk
329,https://www.linkedin.com/in/ACoAAAv9msMBW2YdtLbe_RUGWQ7JoWvL-VPINvk
330,https://www.linkedin.com/in/ACoAABhN278B1cp1hL9uphqNveYWHw04GYgqw0E
331,https://www.linkedin.com/in/ACoAAA9RSKcBoLbJg1DfftIlKbtUyqAawnk3q7E
332,https://www.linkedin.com/in/ACoAACH2OQ4BJMbjR0-lSLKcIlxzbNqXRsvICgU
333,https://www.linkedin.com/in/ACoAAAvljg4Brt4VWqpIcSytu5Ttjl3nd0eIrIU
334,https://www.linkedin.com/in/ACoAAAboV4kBIUXisAC_fQn2tyYi8fNiAI8T9KA
335,https://www.linkedin.com/in/ACoAACeI-AwBT7P716fWJjBzZL43JUdOYyMaKxo
336,https://www.linkedin.com/in/ACoAAA4goqEBOjOBSBLz6QPa0COAiKl1evRVhLs
337,https://www.linkedin.com/in/ACoAABChtL4BoiygsTPiDqRVfv41ezm1_UqrV7Q
338,https://www.linkedin.com/in/ACoAACfFrhYBHZGRXF2JVK-KsAvAS1hfQdqckRs
339,https://www.linkedin.com/in/ACoAACIqbCwBrAGMy7Odoeh6QL_yNI62Mji9_gs
340,https://www.linkedin.com/in/ACoAAC6OfO4BWEW-_EVmBxnwzscHpA-LLmhwe7Q
341,https://www.linkedin.com/in/ACoAAB168BEBBn5fzGcxB_EE9viGh7J9BhJQgcw
342,https://www.linkedin.com/in/ACoAACaQOXwBqk1FqSGvpywgdIp2YD7AK5kUbJg
343,https://www.linkedin.com/in/ACoAACBe1JIBSTxxd_lUTUE7xpaC04unqeJhAM4
344,https://www.linkedin.com/in/ACoAAAASMDkBaF0q8fqKeGOzJHTJIzH8Xj0fP0o
345,https://www.linkedin.com/in/ACoAABVD3T0BWu0MX--RjBTJnYr6pED0sIs_fRQ
346,https://www.linkedin.com/in/ACoAADT0SX0BKsCq6weriJgOmPINhMLA0Kgzvs8
347,https://www.linkedin.com/in/ACoAAACAeqQBkTQjoE7cvQfQX34_Eb-_b7RYBm0
348,https://www.linkedin.com/in/ACoAADdGFU8BqDQW3styoEc2wypJMDaf-Gzeg0Y
349,https://www.linkedin.com/in/ACoAAB7LrFEBYRtrbQ5CvyN4CGtQEZ6kwXA2Asg
350,https://www.linkedin.com/in/ACoAAAKfSpYBuKnPaIUKm6netci3TFuOrmjejH0
351,https://www.linkedin.com/in/ACoAAB4wZmABtHfG8CpIguMLDAGv1QzYWPYpLME
352,https://www.linkedin.com/in/ACoAAAuDF2kBoj_EehidGH1s2b2dEtK_J50gjEU
353,https://www.linkedin.com/in/ACoAACQX1_0BDvXNbtFekfj9jQL07m_X4SrOFEk
354,https://www.linkedin.com/in/ACoAAANCHC0B8XA-ly7H1gmKa_8ZaT0PTrMY1FA
355,https://www.linkedin.com/in/ACoAAACojd4Bfcdin5TRR2NoMzSn3KWHPt77--g
356,https://www.linkedin.com/in/ACoAABOtM2MBAW271Bw46qtkL2M3Hiz-2lgZieY
357,https://www.linkedin.com/in/ACoAAA24PgsB0aO1tiVAIw5SNRcWdKajWcXPEPk
358,https://www.linkedin.com/in/ACoAACXiUkEB6bcAEFtOzVY3VemCcubOY8LMAAs
359,https://www.linkedin.com/in/ACoAAABmWNwBZUK7jRerEXolfPAT8ZTpwYKaops
360,https://www.linkedin.com/in/ACoAAAadKf0BzraHmf0EyeMVx0Sw3fVpWdnBAyA
361,https://www.linkedin.com/in/ACoAAACxgbkBSHo_AsWxnZC_we4YokCT640XwsE
362,https://www.linkedin.com/in/ACoAABCpSggB045I6vdpwHt2N4p-hGrXuCtlOsY
363,https://www.linkedin.com/in/ACoAAAwThscB-2q9Mn-m9CdMZCYaKmkF6pn2Ga4
364,https://www.linkedin.com/in/ACoAADsosvMBka5HGq-Z-_wV9yEGRjRssZuN3vU
365,https://www.linkedin.com/in/ACoAAAyB_RsBOfOqAgpfeXMcWZAOqQhbX4sThVU
366,https://www.linkedin.com/in/ACoAAA2oUlAB51bOGrTblm0yVUQEu42HIcZWkWo
367,https://www.linkedin.com/in/ACoAACIbQfYBlZ-ZWn07jvZaaK4IBYtMjIWe5Ac
368,https://www.linkedin.com/in/ACoAABrUNL4Bn9c0uf8r40viCTAouH7m_oNlkJ4
369,https://www.linkedin.com/in/ACoAACacIzYBx7A5FX9qfN4z1cpNlCNSKjFsxJc
370,https://www.linkedin.com/in/ACoAABXAGNkB1NW6lqbNRgCxKfN80WepvQwimcI
371,https://www.linkedin.com/in/ACoAAALjC6UBI9XigMxv13K9oxO6qhTt6rXfg-o
372,https://www.linkedin.com/in/ACoAAC4XkygBMBVlJAQeH2SpZ4keRm-PtHwoYfw
373,https://www.linkedin.com/in/ACoAACidUcIBiqGKMrJnAY-GBUwzWnBi9V5FbzM
374,https://www.linkedin.com/in/ACoAAAeQRQIBjnSj9Ax4JDmoMeOUHlG1L9T5uHo
375,https://www.linkedin.com/in/ACoAACRVj2ABZdAyQCjD6BoogHtksd6oGjCgIOI
376,https://www.linkedin.com/in/ACoAAAOap2QBbRkMVdiIjIMP8_Bs0nK7kPg87QI
377,https://www.linkedin.com/in/ACoAADPz8J4Bv3EuAS-0ZYXy41hV8BZ6mVziyLo
378,https://www.linkedin.com/in/ACoAADe2_jcBo_841uChAZ8EMlJBTyKpl_F5PtE
379,https://www.linkedin.com/in/ACoAACV8WN8BQivfLBauaHVup6PddAbqZQkulaE
380,https://www.linkedin.com/in/ACoAADkDLGIBZhhdpF2GM_7dsVYhDIzm4k_002A
381,https://www.linkedin.com/in/ACoAAB8RYEgBx3IoHVdRTWB62LuxrQSNqIOyD7k
382,https://www.linkedin.com/in/ACoAABu-X7ABa5D2Rvers-N7YGvAou0eQKXcRAE
383,https://www.linkedin.com/in/ACoAABhelDYBeZH6c3v3xDj_8BsnFrnOgUsinxg
384,https://www.linkedin.com/in/ACoAACIMnzcBmBqzT6HCr4tTu4sVaECKDj3h0Uo
385,https://www.linkedin.com/in/ACoAACr4SY8BskNUdmBUxm9u4WC7iJOCJrkAdOI
386,https://www.linkedin.com/in/ACoAABFETZ8BK6YnNQAHCUct4ilZV9DAeUW9MGQ
387,https://www.linkedin.com/in/ACoAABlRhpUBGu3bztOM7XzpZPI5boQDnRCAG-k
388,https://www.linkedin.com/in/ACoAAAEPrdsBJ_X685U6_s00HsxD-cQLI2Hf_7c
389,https://www.linkedin.com/in/ACoAACYi8ccBQ0syDvoHJuGgFAUTC0B9EY5DITM
390,https://www.linkedin.com/in/ACoAACMCT7YBgnIV3Q3zQ4ejfECklVtZ6_XEpeU
391,https://www.linkedin.com/in/ACoAABykcrwBSpmPGGlEPZ6-nWz6q_ddjaBZ2IA
392,https://www.linkedin.com/in/ACoAACjWcpIB5uMsASdDfSoC5VyjDn51UJ8bS5c
393,https://www.linkedin.com/in/ACoAAA4Ino4BGA83NQnxNGcOGDkVtsD3fZNzDo0
394,https://www.linkedin.com/in/ACoAAAhaVFoBFs7CzjXHmjfhkQw1FFG_cX2If-E
395,https://www.linkedin.com/in/ACoAABkq1yMBHzOMmCXHF8c2lhEzjisGb9PMjhU
396,https://www.linkedin.com/in/ACoAAB8se1UBIvES4oNjf_jzFx47VqDPzpszl0E
397,https://www.linkedin.com/in/ACoAABifvjUBzBcGd1qHZtqQ3CRNaHGumoqMrM8
398,https://www.linkedin.com/in/ACoAACRQFKgBqBbvMFuagvOgv_wKfMRkIKNiRr8
399,https://www.linkedin.com/in/ACoAAAUE0bEBsbboEwrdEc5mz76NJBFN2DY82ao
400,https://www.linkedin.com/in/ACoAAAipxz0B21M7mzUHI-QbT8UxD0MReTZ-7_8
401,https://www.linkedin.com/in/ACoAAAdR9TABtCMSHC1CWTYQJyS1ohIKZeV0qpE
402,https://www.linkedin.com/in/ACoAABXSBX4Bs0aP8ReEkRHDYd0BYiDyr5URkgc
403,https://www.linkedin.com/in/ACoAABtzsPoBZ4dD3Ix7vCt0zTHCfUw0J1IBnv0
404,https://www.linkedin.com/in/ACoAAAUUw9MBXSbW0j9WTt3Rd8Iohg1NWJ0fsro
405,https://www.linkedin.com/in/ACoAACbY6lABYtt0COi3-ddhNNaobxQVzWoQ36w
406,https://www.linkedin.com/in/ACoAADrIQv8BkJnry-Gz-GGdN1lr6bH7b9eWcXs
407,https://www.linkedin.com/in/ACoAACd5eIwBwVW6ihd-7erbjo-8Ip-y_vwxOwI
408,https://www.linkedin.com/in/ACoAADA0i3QBTCAq7kzbte2jekQe-HJIiCh5nZE
409,https://www.linkedin.com/in/ACoAACh1yPgBFAvi-dpIKy5lm-dU0qkwB02pwcw
410,https://www.linkedin.com/in/ACoAACeCG40BOtYHJtlbG76qfkB3aKm6Xr7XzZM
411,https://www.linkedin.com/in/ACoAACnAl3oBvskYmItIZ7oDZpXIdeXYHzQ_FJI
412,https://www.linkedin.com/in/ACoAAAx9ghoBSnswKX5jKFVpzWRmyJ93paH2Kz0
413,https://www.linkedin.com/in/ACoAAAA9ak4BE7mbi5cT5Zt-mJtBHxDEfdjxuh4
414,https://www.linkedin.com/in/ACoAABYbUW0BYVB2Kqd5QGoaq1qBiMR3eqoxQF4
415,https://www.linkedin.com/in/ACoAACiiDkgByvSBBXsVDxVlgddNYWi-YRON3s0
416,https://www.linkedin.com/in/ACoAAATgHIgBIwks84clVGJchatZ0PeBKlivbV8
417,https://www.linkedin.com/in/ACoAACezs3sBTBR5Ab_03IPxb7iFXfFwQhotDSs
418,https://www.linkedin.com/in/ACoAAAn6d28Bynpuv-n7jrvI9NWcwNVgcZa9Iv4
419,https://www.linkedin.com/in/ACoAACpbRFgBH9Vj1ybLE9RDJilFGU1xuvhwh40
420,https://www.linkedin.com/in/ACoAAAvXGc8BRfQADXBRftb9N6G_5EWOvKVjjbs
421,https://www.linkedin.com/in/ACoAACC4FTwBqIKogzrzr2mPLIAq05SH4DgQGao
422,https://www.linkedin.com/in/ACoAADm183IBcVx4-aH8-tBUwM1MuTjQN-V1eS0
423,https://www.linkedin.com/in/ACoAACwy0uMBUYBnP3H6IrlQmh6L0yhoGQ4WdpE
424,https://www.linkedin.com/in/ACoAAA-8hHwBnKYrbmvfCgCMyeNy6ccaJ8jyJow
425,https://www.linkedin.com/in/ACoAABI9F7QBzd7TqU9W6NK2jSFdKldtTvVbn_4
426,https://www.linkedin.com/in/ACoAADLmTzUBV_2ZpsHTiNTZDADZ8f-JEqd_Igw
427,https://www.linkedin.com/in/ACoAAC2_KQIBa5FAef9BrmaAa-5EgRkJOe6TIls
428,https://www.linkedin.com/in/ACoAAAsC7VEBEMY7Jl6M6BFEjN7wr3XA5Dq_tqc
429,https://www.linkedin.com/in/ACoAABZ_H4MBqUjNmdi__UWVcr3YCGPgdxtk6Kc
430,https://www.linkedin.com/in/ACoAABXWTb0ByM3vSBzX1ne0xew9DRZtbMGrENQ
431,https://www.linkedin.com/in/ACoAAASK60oBJqk42rF79d8WTKjhnwP3FHc8mUc
432,https://www.linkedin.com/in/ACoAAAZeW7ABI572NG3AnE7YWNJIf6gI2H8Bc6g
433,https://www.linkedin.com/in/ACoAAASM0QQBbNtGjWlXxyvVyRb_gY-lRkAhQ6M
434,https://www.linkedin.com/in/ACoAACHvUrwBQwuNBBPV_vNCdv9zF0T1IwN6yYg
435,https://www.linkedin.com/in/ACoAAC_NwEQBP915ar2EplqBNBqTyJJTCXlFiK4
436,https://www.linkedin.com/in/ACoAAAacFMQBRlTvR1X8qLC4jRhFeyxngQ_3NlY
437,https://www.linkedin.com/in/ACoAAB37gSUBl0f1o2Ip_0r0pWg-EaIpkv9QVvU
438,https://www.linkedin.com/in/ACoAABOwG38B7Zv9VRxfoFJRDXitIa4KgBxrvVQ
439,https://www.linkedin.com/in/ACoAAAip4kUB977P0kV_EFCqZDWO4oSTPnWh4tI
440,https://www.linkedin.com/in/ACoAACBRtEgB9djtr6wPxv6bg4NVmAsuIH5gzJ0
441,https://www.linkedin.com/in/ACoAAB1nVpMBtAlBCZFw6qkqze_y1ekwB8WAg0w
442,https://www.linkedin.com/in/ACoAAAwS_X8B6AZTB2W1ivNjTzHJ-HUKWb_SC5A
443,https://www.linkedin.com/in/ACoAACHURhMBXF4bgZXHdTRNZZchhLKRZUllIh8
444,https://www.linkedin.com/in/ACoAAA3BgzwBwTiLgWh9ozPKMIv-mV2tqv6sB-E
445,https://www.linkedin.com/in/ACoAAC5SgI4BhSQpH0guDgcRZAYLDx-QhxvD4E4
446,https://www.linkedin.com/in/ACoAACiY0BABQuQHJjAwC-WQlNlrwPcQ1L7eAUM
447,https://www.linkedin.com/in/ACoAADIjxAABjnXLChiSSf2me5mzDrgCWF-7nkU
448,https://www.linkedin.com/in/ACoAADBMzocBA2WrlktwDrkxhRI7qjaWDU1A62w
449,https://www.linkedin.com/in/ACoAADD55b8B93BEf4WCM3FeiTdZWsKRCZAJeiw
450,https://www.linkedin.com/in/ACoAAAndBJsBxCWS6GwPi7zDw99KkMJpkmIPoWg
451,https://www.linkedin.com/in/ACoAAC4Zt84Bp1Ekgyy2HtpQQoT0pxb6GE2yXMo
452,https://www.linkedin.com/in/ACoAACNGbf8B6TdZ5aNxWeHskPOTIynJseU2ozQ
453,https://www.linkedin.com/in/ACoAACKOmywBnAQNju7fy15JtZbRMWo-JHiJ4H0
454,https://www.linkedin.com/in/ACoAAADR-T0BBthUESIPyMuPQxSAWAC2GaRM1C8
455,https://www.linkedin.com/in/ACoAAB5RnkABwL1A3TH_ihJc1aYX9PLX_4kv4X8
456,https://www.linkedin.com/in/ACoAADt-qzMB96kUN1FRiyw12JTccLZcjJjArbM
457,https://www.linkedin.com/in/ACoAACpDqNIB2tGQPrKPBABq2cQfGxzVmEghh8o
458,https://www.linkedin.com/in/ACoAADqMniMBs6dOJUsyWAaZeiXlVzLPGQFiATE
459,https://www.linkedin.com/in/ACoAAC9c8J4BaL0TZKozVIg4UDxWFPrBcVl8lEQ
460,https://www.linkedin.com/in/ACoAACa_NDoBNSIl8R2kpK-gz1tqhz_mGXafHqQ
461,https://www.linkedin.com/in/ACoAADZd02sBHUmekQ0J2RuN29j9bDssc6tMRig
462,https://www.linkedin.com/in/ACoAAAF_YYMBGVZS_FuD1S2-UytA2oTBkS_GUDQ
463,https://www.linkedin.com/in/ACoAAAInq18BAAicrIRdynvWKHFSc3x-lKBrH2Q
464,https://www.linkedin.com/in/ACoAAA31aroB6vJzQ78g3iJzxJu-npJ6VPuyQ7E
465,https://www.linkedin.com/in/ACoAAAbyCZAB-ItgwgL66ytI3AJYxfkz2REigqM
466,https://www.linkedin.com/in/ACoAABmjYOoBNWNju9jw0YA8SdUps-6dsWmxnuU
467,https://www.linkedin.com/in/ACoAABn0V6gB--8qmRDyMeGsjYEEJeHi8eE3lBY
468,https://www.linkedin.com/in/ACoAABWDduwB3XCdMQx4TJtKiJI6PEykxlaUiOo
469,https://www.linkedin.com/in/ACoAAADpXdEBTL7AcBNsn6TGmmsMlft-fi-uP2k
470,https://www.linkedin.com/in/ACoAACCXjuQBrHL27cygAg0amKd9qOSKQCzxxtk
471,https://www.linkedin.com/in/ACoAAAQPnWkBiPdoy3VW55CRYg20395hBJ_S9kQ
472,https://www.linkedin.com/in/ACoAADemImkB_xTukfT8Vw-1XWaBOW7NnnmEGdY
473,https://www.linkedin.com/in/ACoAAAhQGFsBZXCFrW_dW4qc-wnavYu5kpSpXQc
474,https://www.linkedin.com/in/ACoAABuuBrkBmHbzA_eZ9eK6C8aStMaROcqLFAs
475,https://www.linkedin.com/in/ACoAAArSY5cB2VLG1EpCc49g_C9oEXWex27I418
476,https://www.linkedin.com/in/ACoAAAtcUbgBpPk4-jPPbu0MlhjrlpfxUCg_r5Q
477,https://www.linkedin.com/in/ACoAACiQWCABbzQp2Z4S6NgZqMnHWh3sjcn36qg
478,https://www.linkedin.com/in/ACoAACkqM1oBylJiOJSd4JbLciHtVistYPvBMlw
479,https://www.linkedin.com/in/ACoAACPvaVIB0I-SV_FjbzaZH2iIVPXEa3Mtysk
480,https://www.linkedin.com/in/ACoAACQTPZgByC4HUjyRMpT3zSbeyUiLIlY4y-0
481,https://www.linkedin.com/in/ACoAABGLavUBlMU3X0uO9jM7zB2dgbBofK37-c0
482,https://www.linkedin.com/in/ACoAAAF7-scBmapqpzPMJvpvrBlG4PA-7Y2wKSc
483,https://www.linkedin.com/in/ACoAACMebSEBsVsXVXp3eE3osvUEbUf3b-gaZnQ
484,https://www.linkedin.com/in/ACoAAAa9XiEBQNXVmUQ-Y8ZwkbmxDm57bhZ9Nys
485,https://www.linkedin.com/in/ACoAABinxKYBnRvYzM_ARB3T7OvU4duH8EjtmB0
486,https://www.linkedin.com/in/ACoAABMlNEcBpWk65oT3sfPuWNkGLnlzYdBGu50
487,https://www.linkedin.com/in/ACoAABu_uA8BhRx8UVLOfhIhJbhlk3sB56MN4Es
488,https://www.linkedin.com/in/ACoAAAv5e2MB_x6ce5cdLzOSymWSZfPAOhVsMuU
489,https://www.linkedin.com/in/ACoAAAIYUjUB72wxHIcr92O4kMumc3snSK5a1xg
490,https://www.linkedin.com/in/ACoAACW6O0cBywbppkFlMyltGwIlEFslXb4N2yM
491,https://www.linkedin.com/in/ACoAABT6kXIBIKct-xM2IynNfeMtqe3iXLWRxjk
492,https://www.linkedin.com/in/ACoAABfztQAB6z6sTZydLKhZnGMJZvS5wCiLvhY
493,https://www.linkedin.com/in/ACoAABqFQL4BYdtK1ihuClzSWVWEhqXstCmPiZ0
494,https://www.linkedin.com/in/ACoAAAfhsNwBrkG6C8e-pE_2oFVA86Z0VJDmRcU
495,https://www.linkedin.com/in/ACoAADWKANQBlJ_ZMpmoi1Ugd1mAfxtcNt5X4ro
496,https://www.linkedin.com/in/ACoAAA0IVyEBdr1fbwXABYz2I22AWo5dZBmPHqE
497,https://www.linkedin.com/in/ACoAAAC8MbsBTJHcrdkTQDIUF0SbXemYOZgxy6A
498,https://www.linkedin.com/in/ACoAAD-Yi1YBGyFyl40tbXWrYNMGUSbSWM_xNLQ
499,https://www.linkedin.com/in/ACoAAB6rEI8BkfK1SY7k-VpIvsFKrudbrczklfc
500,https://www.linkedin.com/in/ACoAABV2-SoByDaXjcsqCWUAajivK4aPWJXW3Dw
501,https://www.linkedin.com/in/ACoAABRhjUgBzS0TdUsUh307pSmWR10pRPi-gfk
502,https://www.linkedin.com/in/ACoAABmAHmwB348LcePkE5IX_FEK2KCV-G96p1s
503,https://www.linkedin.com/in/ACoAABsCIfkB2my7H26-9_RzdhSJvZn_fWepV7k
504,https://www.linkedin.com/in/ACoAAAqU3jsBVUHfUsfdmzG3gBTOHLVcfEcJEFg
505,https://www.linkedin.com/in/ACoAAAqxGSgB20eyg1gFVzgA2lO8rb7EADliifY
506,https://www.linkedin.com/in/ACoAACt_jGIB_bm9Cqh2zrGB_lpPmEhQjgJONbg
507,https://www.linkedin.com/in/ACoAACbdqRsBZT-jxS0kFBRM3Oj4_eNx1xn3ueA
508,https://www.linkedin.com/in/ACoAAACPQ5UBeXly9XfH8BmeQ8Fxf0PEMF5XcVE
509,https://www.linkedin.com/in/ACoAABeco-kB6Cnnu1Y9uagPRMXuDSffl0F383M
510,https://www.linkedin.com/in/ACoAAA5Pz4wBybUuqwSDjzyJUhghdfF12Lff9E8
511,https://www.linkedin.com/in/ACoAAA9SxrsB97SxkLd3tENmFMDdYHHDi3OOqBE
512,https://www.linkedin.com/in/ACoAAAH-yoMB1mOXumBn0ihu5YGDRCQXz_yEMYk
513,https://www.linkedin.com/in/ACoAAAHsxsgB5Cxp2ddz0TrVk3i0NCfRp5zyjc4
514,https://www.linkedin.com/in/ACoAAAwJSEYBxYWWuXPLeLXSXL4jXfNIg2RHDRk
515,https://www.linkedin.com/in/ACoAACGplzwBBfSZCFGjIgmwneVtklzwgJwJsro
516,https://www.linkedin.com/in/ACoAAChk4_0BItEfWvMtHFO7ZXsgoVVHJ24XUVU
517,https://www.linkedin.com/in/ACoAAAnOU3cBclxMugG-7t5YiWz_UGiqMozInnU
518,https://www.linkedin.com/in/ACoAAAJZ57QB8CwVsoKDzL_QNecyJ6TOThC-PzE
519,https://www.linkedin.com/in/ACoAAACPAF4B6PsUBKP0DPRh7-Omlr5TMWzj4ts
520,https://www.linkedin.com/in/ACoAABmZZXYBoOIfAqLNbxgIoQ6NvN7aF13I4Pg
521,https://www.linkedin.com/in/ACoAACU7nIwBCi_5lnOnI0itiUX8jzYFK_4-oAk
522,https://www.linkedin.com/in/ACoAADnkJPIBVveqGBymmVLqFqz_76dMEYOUcO0
523,https://www.linkedin.com/in/ACoAADgW33sBdKd_gZvsLOuzsExktfIhWzIaWZk
524,https://www.linkedin.com/in/ACoAAAcFaIIBYnGSJP11dDpUNuf4T10vDcR_EqA
525,https://www.linkedin.com/in/ACoAABAoq8MBRzxL8TTQVioll7DpPKYF2dBB7fA
526,https://www.linkedin.com/in/ACoAACdQ5PIButsgCGHcW9h8b6sxoVVuJuBs2-c
527,https://www.linkedin.com/in/ACoAAAL4B6sBsuSyXm1K3AsXkUMdMKCrwvn8ItQ
528,https://www.linkedin.com/in/ACoAABnIsksBc72IXdfGq8q5qld3WhtCFfEG1Ss
529,https://www.linkedin.com/in/ACoAAAs4dPEBT3zcIcWqfWJZSIoECoNU7AI_QT0
530,https://www.linkedin.com/in/ACoAAAoGWuEBz7giHpTOdCcS4e1EgXyRpdhdTVI
531,https://www.linkedin.com/in/ACoAAAB0kfQBzaIt2AvTKXt96PsXqlveJLDvjaE
532,https://www.linkedin.com/in/ACoAAAkYA20BpRL4rt4A9XlmNCEj2qKpZdaO8js
533,https://www.linkedin.com/in/ACoAACBD-aMBcgOqWz1e84RFVerM20QkszEKlBY
534,https://www.linkedin.com/in/ACoAAC-NmEYBH8QYb_1GLDCRYC6d6zkXPJt-ncw
535,https://www.linkedin.com/in/ACoAADOzDcsBhotPcnriB3HT5fSC8klidsTFffA
536,https://www.linkedin.com/in/ACoAAAA9Zk4BbgZSZ_Ez13SW62wKl6vgKtzW-Fc
537,https://www.linkedin.com/in/ACoAAALZy3YBcntfiMnO_4-A2E8sB3v_lavmgWY
538,https://www.linkedin.com/in/ACoAABdyXUoBLlcQXvzx5_LxlrGr-wkKB9GyQZY
539,https://www.linkedin.com/in/ACoAAAMD354Bmt-CWW9fEpr-A3hJ3_j96ajQ-Vw
540,https://www.linkedin.com/in/ACoAABrd4sgBh5Jt9jPSFKJDWadfbkVAV72FbrQ
541,https://www.linkedin.com/in/ACoAABKOSbIBmFVsQjNjGLSRo3j-Xht1dSkM-lg
542,https://www.linkedin.com/in/ACoAAClDzXgBqzG2_LBn_yD6igJdFmSBK6X8SKk
543,https://www.linkedin.com/in/ACoAABJoQs4Bg2y_aKzc4H4ThIp0uLGkVsVyI0o
544,https://www.linkedin.com/in/ACoAACPEMbwBmAe2MzQz9Sgc9CsqXVpA-FDoczY
545,https://www.linkedin.com/in/ACoAACoF0X8BZJ_Oejo-AOiy16ZQw4WAxOGxzBs
546,https://www.linkedin.com/in/ACoAABmX068BpJSKok8raXtA_0GtwbeNzrQpCGc
547,https://www.linkedin.com/in/ACoAAD9lhM0B8iY5f0fHIbBexYQxNQzVC35kSk0
548,https://www.linkedin.com/in/ACoAAApMeD0B8UpI1alIVwRYb2Z4H5-DDlDPUFM
549,https://www.linkedin.com/in/ACoAABJLOH4B4mxUmT0LeZidWRE5DFqo4dTzJ-w
550,https://www.linkedin.com/in/ACoAAA3Nmf8BKsjVC3twMJyJYCxrJDSHuX7fifQ
551,https://www.linkedin.com/in/ACoAACuOfEkBPxxdZz1it9w3_QYZGB6TFNJTBNc
552,https://www.linkedin.com/in/ACoAAAi6IHcBS95I8MCVTHp5HqH3-7rfJYtFGrg
553,https://www.linkedin.com/in/ACoAADjXyV0Bq7kqxXo1yuYz89EtIiDzV3oafbM
554,https://www.linkedin.com/in/ACoAACs3T3gBBwEPBI4xQCjPDabbIGCrqIvwLlg
555,https://www.linkedin.com/in/ACoAAAdD2TcBcxMYK0-IcLjS7RVIg1hrd-jwYes
556,https://www.linkedin.com/in/ACoAABjmdxgBJUPssXSZgRQbp7N1JyfL5gMLAkE
557,https://www.linkedin.com/in/ACoAAB6ptBQB9WZBEWaD7-aR2QjAb91icV6dKKw
558,https://www.linkedin.com/in/ACoAAAMGENIBw6vVgTzV75QqasDhlQ9r5O5f2BE
559,https://www.linkedin.com/in/ACoAAAEcnkYBUylGbfFXI4BW0bxBgJRkCZvHqVQ
560,https://www.linkedin.com/in/ACoAADL9HzgBgf54X9-tyR9fw9W9wZjjfm2O5-Q
561,https://www.linkedin.com/in/ACoAACgXFVgB_SgWkKYfxoFuPjnFwBp20wFNiWU
562,https://www.linkedin.com/in/ACoAABpCk0wBiFpHfcm9SVT0TRuvruPLQJ8w2hs
563,https://www.linkedin.com/in/ACoAADa3OMMBT4cKiyKEpivgRo-rpTaAAJmuSCo
564,https://www.linkedin.com/in/ACoAAABqGckBXtEQJZkU2IIsDomI9TU2mC1ai5Q
565,https://www.linkedin.com/in/ACoAABuxsWAB-uQppz2W62qxo9XYGA-GZHVruu4
566,https://www.linkedin.com/in/ACoAAANYptwBxFjD_8aqSTqMYgz1Dj-tZoh7L4Q
567,https://www.linkedin.com/in/ACoAACzt6kQBLCLu3m7mXU6dvm8Ez3IyQvlcodU
568,https://www.linkedin.com/in/ACoAABHn-KYBR0jWwHoT4woDUeM1V5HBFLbbJnw
569,https://www.linkedin.com/in/ACoAAAjGb0EBefZfKKjq0sqXOmoltlGXZtVJr88
570,https://www.linkedin.com/in/ACoAAAg0X1AB6gOSSac9bUVRcI9gF47kQ6EUFLk
571,https://www.linkedin.com/in/ACoAACBcyIsBSmkQ1zkLZCvEfJqV8iRf0tJ7X1E
572,https://www.linkedin.com/in/ACoAAAdlYMgB5yid6PXo9ltk5VsnvYDHwA8dSAU
573,https://www.linkedin.com/in/ACoAADw_YvUBPJXxUpS2QZ4VRqjsH3-IAUwfNqk
574,https://www.linkedin.com/in/ACoAADicGbYBRv_TpkztPM4aCGIfMQN7846jTXo
575,https://www.linkedin.com/in/ACoAABaoAsQBWfGOssduqh-ZdQxp70s9M1V85KI
576,https://www.linkedin.com/in/ACoAABDfMIYBF4gYfCgr1ZFDax1F_riYG8uDtzQ
577,https://www.linkedin.com/in/ACoAADAvaxsB6pUtV9sSi4wrGqjAo7-ad9UccNI
578,https://www.linkedin.com/in/ACoAABxBo8QB7MdxaZ2J15p26exp_4a9I4nu7sM
579,https://www.linkedin.com/in/ACoAABjfF0kB1V2tzqNaPGiSHdb4FbShOgwxluI
580,https://www.linkedin.com/in/ACoAABYXSJQB-q1hLMAmqZOPgTdNk2aITpp-YpQ
581,https://www.linkedin.com/in/ACoAAAwG3-8BoH8k9SBWr7nHhksSlVvRQjyqCtQ
582,https://www.linkedin.com/in/ACoAACL3yv0Bq7zTKmaRhKxs4pEAnJ9PD5Pt2HA
583,https://www.linkedin.com/in/ACoAABz_txABAyMDTN9TqQxF6WFVayZDzfMJXQY
584,https://www.linkedin.com/in/ACoAAABvor4BX-awvpgUHH2X26BgBalbPMVkCs0
585,https://www.linkedin.com/in/ACoAACCna2sBOgjFnXeXHRjzP0aQp7P16GY268k
586,https://www.linkedin.com/in/ACoAAAC8dEAB2MwT0VxlsdP0brwpILI_7aZHajs
587,https://www.linkedin.com/in/ACoAAABrZaMB_Be9PVeYKCQVvCqvYa0c0mkmMuY
588,https://www.linkedin.com/in/ACoAAABd9ckBQWpOXgS4NlPqTfVsh56JuB5hOi0
589,https://www.linkedin.com/in/ACoAACINb-0BZHwLxQAVGabpJHrkmpoYY0JMzh0
590,https://www.linkedin.com/in/ACoAAASkWmoBwmHAmhGbdF0kh1s5-Gzf2oLKCE4
591,https://www.linkedin.com/in/ACoAAB-Pw6UBjHJHMcIjts4mYMLVOYVQ93Fb0Gc
592,https://www.linkedin.com/in/ACoAAAIXwKYBbDh_JmbJrKZtI4eKuzgdIDnal04
593,https://www.linkedin.com/in/ACoAAAhGkb8B-lePqKYXH40HQgBHVW7If3O1iJU
594,https://www.linkedin.com/in/ACoAAAKz36cBxyJNjkk-SvwlH8RIMsKT6dlRi4s
595,https://www.linkedin.com/in/ACoAAAzARxMBCPBNPm4l56vhnEOf-hKJuvgTvfY
596,https://www.linkedin.com/in/ACoAAA8_4KoBkSGybEMi-Nulmmx9Wvz-nKr2E14
597,https://www.linkedin.com/in/ACoAAAp16mwBFANHY5t0GBX783wVV36KfdBUGJE
598,https://www.linkedin.com/in/ACoAAAfb5IwBcnLFWQzDkQPNNWKb0L-l2VHHK6k
599,https://www.linkedin.com/in/ACoAACoK2cUBmH8G1VD-Q7Oh8nbBJ9VhFiXWAk8
600,https://www.linkedin.com/in/ACoAABPIL3cBGqGZS0pCFF8d8wC6jjP31tQSfAs
601,https://www.linkedin.com/in/ACoAAB8Hz0MB0h9rvDhsaZRSHeNeyvigAMkSP5E
602,https://www.linkedin.com/in/ACoAACIwVX4BJY7QVNrwvpv9LAsfwLzY_xTnv30
603,https://www.linkedin.com/in/ACoAABGi5uIB18hLbFikUku8TYH0ImITPzBUSoY
604,https://www.linkedin.com/in/ACoAAAzClEQBldVL2kMgZL81Ef8hRLSSL9KCzHY
605,https://www.linkedin.com/in/ACoAABhXBVEB6DnfyLHFCR0yY2HvQktEr-7ko_c
606,https://www.linkedin.com/in/ACoAACfQK7ABMDmR5Mq4iDku4NwcXZgKA5rBSjE
607,https://www.linkedin.com/in/ACoAACsz1_8BkLMHCi_ePYpfZq1PRqOedmSuvFQ
608,https://www.linkedin.com/in/ACoAAD35VpgBYRIfIGhguILSdUkbDJuzkcUpqek
609,https://www.linkedin.com/in/ACoAAAD4wewBGWWRRzX3rjk4UNod2qhOXxHzbtY
610,https://www.linkedin.com/in/ACoAACWB2FUBvsXlpoespP95nxOtSMKa8uSbOX4
611,https://www.linkedin.com/in/ACoAAAJgEAQBos61Lf6epSUKYJRHj3CSKNdlpB8
612,https://www.linkedin.com/in/ACoAAABl_JUB_xtf-RjdKiXvf0DCQRuzHezfFH8
613,https://www.linkedin.com/in/ACoAACq-dBQBDVTsJl8ZilBvqJkY70djK-VGpBU
614,https://www.linkedin.com/in/ACoAAA91IoUBUuG8goCe6UweAXKGLCz0usfNGWs
615,https://www.linkedin.com/in/ACoAAAkaHuUBCKHAC1j_94xZqwcPMceAeSkorr8
616,https://www.linkedin.com/in/ACoAAAO5C5EBY3JLRupV6iZztr9Y8NOQLexdhwY
617,https://www.linkedin.com/in/ACoAAACEViIB6O4PmJNKeewQi9TB4daG_xaCfSU
618,https://www.linkedin.com/in/ACoAAAMbRE4Btl8bpTlZOFQ1h183VFsUi_rUyRE
619,https://www.linkedin.com/in/ACoAAAS08LkBYEiw1a3xXkot5SrOmwsCyXw7B28
620,https://www.linkedin.com/in/ACoAADXxN84Bi_QTad9yTG840sz7TbNjP3naBa8
621,https://www.linkedin.com/in/ACoAACDMUe0B_-zBLOBvMi4rLBOpWxgXdAotWlQ
622,https://www.linkedin.com/in/ACoAAB4OIYEBiRg-Sc-JXlL3Ru_FbbHx0c00Ppk
623,https://www.linkedin.com/in/ACoAACc94MUBdcm2STtjsOzQbaAqpZG-QfTVedw
624,https://www.linkedin.com/in/ACoAACox1twBhhcQnupB_54C-8u1WwcTaYQ9FVg
625,https://www.linkedin.com/in/ACoAACdMRokB6urJw8E02nsq1gGa87HJB3vYd9s
626,https://www.linkedin.com/in/ACoAAA7RsKgBmJxLzIHSZV1V8-Bd1_zAfZrrS5E
627,https://www.linkedin.com/in/ACoAACO84TMBRWBbFpQQtoq24w_66pb0oizSAM0
628,https://www.linkedin.com/in/ACoAAARyI3QBwivpJXNB7LN4uz2jcGV5z8KU4d8
629,https://www.linkedin.com/in/ACoAAAcPXckBmFzZR14LZJ_BlkvwpDbZDgnR_H0
630,https://www.linkedin.com/in/ACoAADannvIBTGktGm55WI_1T-hXkG2ZQZKC_Jo
631,https://www.linkedin.com/in/ACoAABXNyjkBaGbsC-wtcBstALWZjENgG7RWa54
632,https://www.linkedin.com/in/ACoAABd1GS4BcuumuilhmnN3RFWVMG7vS2nMnbI
633,https://www.linkedin.com/in/ACoAACYhju0BxX89L_RCXge5ac2QLRBrquQg4X8
634,https://www.linkedin.com/in/ACoAACKaUSIBsUPJP9kzOWkdjVSoqrteNCbsbQ0
635,https://www.linkedin.com/in/ACoAACe56bYBzPrD4w5j7fgZTjWN7LhLfCGRsQs
636,https://www.linkedin.com/in/ACoAAAiQGE0BS2WX5lBiB8NS80shBXeBrCsFalk
637,https://www.linkedin.com/in/ACoAAAs__bYBpaUdz3Ywh9hPO4Jkh_ZQ9cMX2xM
638,https://www.linkedin.com/in/ACoAABt1gwcBEDWX-YQxNLoHxG0J-vA3H14tUUo
639,https://www.linkedin.com/in/ACoAABdvBf4BSzWR-G7jsk-IzukZec1Rz-GuVlc
640,https://www.linkedin.com/in/ACoAADHS1MgBiLZY0a-h5-_AFwVWFccAWpjalbM
641,https://www.linkedin.com/in/ACoAAAE3n84BlJ2xCyY7Vc5gr8vhj_jtrBuBPMk
642,https://www.linkedin.com/in/ACoAAAL-OXMBg8XPXmtaShmD98-zOnJ-0vioiak
643,https://www.linkedin.com/in/ACoAAAJYSzIBjK8-ZiKS0EqyWpzr2DhtW0XUfeQ
644,https://www.linkedin.com/in/ACoAABD8VmoBrjBYviM30LdcvDV0xEcNhKWmZVw
645,https://www.linkedin.com/in/ACoAACj9T-MBEfZN1CcKwS2UT1Dnce4AVxfYyFg
646,https://www.linkedin.com/in/ACoAABjLr6EBo0_iumFs8j4z-pYWIfZBlyzG5y4
647,https://www.linkedin.com/in/ACoAABVV2kYBw3g6iHHWZg0va1Ro4z04XrenEIg
648,https://www.linkedin.com/in/ACoAAA7TQ0wB8R-6aUw1AiLfaeKpsIlw9QAAK5U
649,https://www.linkedin.com/in/ACoAABM3DtwBI3FSTsLt_Zfcgd3sgYFjR3PfFh8
650,https://www.linkedin.com/in/ACoAABA_3VoB74Zg39wmEqgLapRKdq8nZ_kO-68
651,https://www.linkedin.com/in/ACoAADYkwDgB1KQ5qPZe9V1Sr54-n2tf9ODhcpQ
652,https://www.linkedin.com/in/ACoAAAFgrbABARQ8eGTKD2aWtCxirJIAvq_Q3Fs
653,https://www.linkedin.com/in/ACoAACQs4fcBaY8rw_xj1c2QTPgZbtUGZsThoes
654,https://www.linkedin.com/in/ACoAABlf2qcBYHi6Y8i7GFBx6DNTMNu8Ym1ZAqs
655,https://www.linkedin.com/in/ACoAADW_R1gBS-5pYhJWcQl8up-hjuhh6EW5cls
656,https://www.linkedin.com/in/ACoAABRLt2IBaot560SAHPV6oBXJz8uUoq3y6BU
657,https://www.linkedin.com/in/ACoAABVuRFYB97X7Bc3dmHH7VueghdNe766mx2Y
658,https://www.linkedin.com/in/ACoAAAxLfgwBY0mqkNMWVZAaUksML40y5FnUgRM
659,https://www.linkedin.com/in/ACoAACtykGUBupfnLfwUEnXcunO17F-A92FNEio
660,https://www.linkedin.com/in/ACoAAAv3L8IB4GBfsj2OHOBmB3CC6B3hlX1_N6s
661,https://www.linkedin.com/in/ACoAACg22TIBHQaPg_jRqvsb-65lszzfB6JzeDM
662,https://www.linkedin.com/in/ACoAABIY7eEB7M8l6d0SqzE9bOqPG6kBMbI_Hso
663,https://www.linkedin.com/in/ACoAAANA5UIBfda4NfS9u2YQMtNi7aCJmoY1Qbk
664,https://www.linkedin.com/in/ACoAACbPvpEBA5ibSiEaKxnxcvCyjGzvbzVxl88
665,https://www.linkedin.com/in/ACoAAAmoCrsBIZ6BNTNBcCCaaa9rfX8e5RPI2vc
666,https://www.linkedin.com/in/ACoAAAhXf9EBjnCuSdCvzJP_LJgaOkZ7PR4pNHw
667,https://www.linkedin.com/in/ACoAAAFZUgUB4u17W4haovOGzrYgt_Mt-ORGpcw
668,https://www.linkedin.com/in/ACoAABo2qMsBbWoFGmgBfJqVk0hVd7QUfLd6o-g
669,https://www.linkedin.com/in/ACoAAAAKMOIBDtk-nyg2lMkrm5GbtxzWYc9GicI
670,https://www.linkedin.com/in/ACoAABY3lm4BQJYIiFGHF1Ako4SyfKZRE8U7fwA
671,https://www.linkedin.com/in/ACoAAA6r6kUBgIcgVFkc58x-7tEcwVOcfVyM4Jw
672,https://www.linkedin.com/in/ACoAAATMlNgB9nawqaAsQO4I1QJ-Vz8RUQYtpog
673,https://www.linkedin.com/in/ACoAADXuhtsBjhX4eVMsNkJMalakEoGIVSpI7LU
674,https://www.linkedin.com/in/ACoAACZOX4ABs3Dp-eClCsaHiQJgpTBjtCXxz2U
675,https://www.linkedin.com/in/ACoAABI_8R4Bpz1s7eDJvXXmc6wxVPiRWkfzAGc
676,https://www.linkedin.com/in/ACoAACJfHWwBlfretIn-k3NPEOMebZ1NWWs9xzA
677,https://www.linkedin.com/in/ACoAACY6T5oBW8ssDTfoWUSVcpJ_RYxzIX3ZDPU
678,https://www.linkedin.com/in/ACoAADFGS6UB8FOQLth5mawR1dHxU2fWMR4D2cY
679,https://www.linkedin.com/in/ACoAAAj3U64BpIkXeJmk-Skec8M4WbPde7W0yhw
680,https://www.linkedin.com/in/ACoAABvvqusBvNcJA1LmOW9HQykHt-Fn96v9Jfs
681,https://www.linkedin.com/in/ACoAACz5N24BqRvqypYhaQlWlDIsRGPs2nvgFj0
682,https://www.linkedin.com/in/ACoAADA3MwEB8WxfWwFBcLIe2N7bkxYN5S1D2cw
683,https://www.linkedin.com/in/ACoAAB_DFZ4BRmTZmzvhKcs2ranBEygPx2-EOEQ
684,https://www.linkedin.com/in/ACoAACAYcPUBNBSzrD2DAUry62aj8nF4-R4Dc2o
685,https://www.linkedin.com/in/ACoAABf9kZEBz1MKHDSjwcgJCig2jIevsFz8q94
686,https://www.linkedin.com/in/ACoAAAhpcIkBW6NIM8izp6tcZ_XIf-cLYc2t-3U
687,https://www.linkedin.com/in/ACoAADauPEwBv68Lt46SsdtpphTNwR1i8L9uQvM
688,https://www.linkedin.com/in/ACoAADC2Os0B8eowyRRnrk8-nrOlHY-RXpmSabw
689,https://www.linkedin.com/in/ACoAACzMg5wBJCAyMvuXmFnDAHcz7FdplyftPGA
690,https://www.linkedin.com/in/ACoAAA7aTGYBkKqmo0j8tJ4yR6K6Mm1q0QCzzZw
691,https://www.linkedin.com/in/ACoAABeYBB4ByU0pFLKY3uxwZFun3JbOhJAAx7w
692,https://www.linkedin.com/in/ACoAABJPVIwBQRP3kk6U7UXdWi1uWPkEveRZZBo
693,https://www.linkedin.com/in/ACoAACtwd1kBzQUs_T2knYqNJAiaKl7hRE1LJbQ
694,https://www.linkedin.com/in/ACoAACLUskkBxHnCDUpAN6QVC5GueygWyTWi1PY
695,https://www.linkedin.com/in/ACoAAA1AKk4BlG_3j-gDhNaTfHQZvoHvthNzcTA
696,https://www.linkedin.com/in/ACoAAAGBgFEB5h7FSjGmWuh-oqSqWOIEWv1FSng
697,https://www.linkedin.com/in/ACoAADbN_-QBqLHSRF5YLh1RMlV4lk2TkCfxZkg
698,https://www.linkedin.com/in/ACoAACCkE3cBOOtwfe2u6EeUGJwbiG7LD9IRr5M
699,https://www.linkedin.com/in/ACoAAANvLQkBFyOQE-Dctz3hlPppISeucQyPj0E
700,https://www.linkedin.com/in/ACoAADU_3bcB2naoDk6EfJHmtld422S1Zbg0Q_o
701,https://www.linkedin.com/in/ACoAABLVqzsBBKzTduSWyDZiniGeb1AfaK93z6k
